additional_editors	rsvpmaker_additional_editors
additional_editors_setup	rsvpmaker_additional_editors_setup
add_style_to_email_html	rsvpmaker_add_style_to_email_html
ajax_guest_lookup	rsvpmaker_ajax_guest_lookup
auto_renew_project	rsvpmaker_auto_renew_project
build_template_schedule	rsvpmaker_build_template_schedule
check_mailchimp_email	rsvpmaker_check_mailchimp_email
check_postmark_tally_version	rsvpmaker_check_postmark_tally_version
commonHolidays	rsvpmaker_commonHolidays
count_future_events	rsvpmaker_count_future_events
count_recent_posts	rsvpmaker_count_recent_posts
cpevent_activate	rsvpmaker_cpevent_activate
create_block_admin_block_init	rsvpmaker_create_block_admin_block_init
customize_forms_and_messages	rsvpmaker_customize_forms_and_messages
date_title	rsvpmaker_date_title
default_gateway_check	rsvpmaker_default_gateway_check
disable_image_lazy_loading_for_email	rsvpmaker_disable_image_lazy_loading_for_email
draw_eventdates	rsvpmaker_draw_eventdates
email_content_minfilters	rsvpmaker_email_content_minfilters
email_get_content	rsvpmaker_email_get_content
embed_dateblock	rsvpmaker_embed_dateblock
event_content	rsvpmaker_event_content
event_title_link	rsvpmaker_event_title_link
event_to_embed	rsvpmaker_event_to_embed
filter_where_recent	rsvpmaker_filter_where_recent
fix_timezone	rsvpmaker_fix_timezone
format_cddate	rsvpmaker_format_cddate
get_additional_editors	rsvpmaker_get_additional_editors
get_confirmation_options	rsvpmaker_get_confirmation_options
get_day_array	rsvpmaker_get_day_array
get_events_by_author	rsvpmaker_get_events_by_author
get_events_by_template	rsvpmaker_get_events_by_template
get_mime_type	rsvpmaker_get_mime_type
get_more_related	rsvpmaker_get_more_related
get_rspmaker_paypal_rest_keys	rsvpmaker_get_rspmaker_paypal_rest_keys
get_site_members	rsvpmaker_get_site_members
get_spreadsheet_data	rsvpmaker_get_spreadsheet_data
get_sql_curdate	rsvpmaker_get_sql_curdate
get_sql_now	rsvpmaker_get_sql_now
get_template_sked	rsvpmaker_get_template_sked
get_utc_ical	rsvpmaker_get_utc_ical
get_week_array	rsvpmaker_get_week_array
group_emails_extract	rsvpmaker_group_emails_extract
guestfield	rsvpmaker_guestfield
hosts_and_subs_test	rsvpmaker_hosts_and_subs_test
inline_array	rsvpmaker_inline_array
isExcluded	rsvpmaker_isExcluded
is_email_context	rsvpmaker_is_email_context
json_explorer	rsvpmaker_json_explorer
log_paypal	rsvpmaker_log_paypal
mailchimp_list_array	rsvpmaker_mailchimp_list_array
mailchimp_list_dropdown	rsvpmaker_mailchimp_list_dropdown
mailpoet_email_list_okay	rsvpmaker_mailpoet_email_list_okay
my_events_menu	rsvpmaker_my_events_menu
newNum	rsvpmaker_newNum
new_template_schedule	rsvpmaker_new_template_schedule
next_or_recent	rsvpmaker_next_or_recent
no_mce_plugins	rsvpmaker_no_mce_plugins
paypal_verify_rest	rsvpmaker_paypal_verify_rest
postmark_admin_email	rsvpmaker_postmark_admin_email
postmark_batch_hash	rsvpmaker_postmark_batch_hash
postmark_delete_supression	rsvpmaker_postmark_delete_supression
postmark_forwarder_tester	rsvpmaker_postmark_forwarder_tester
postmark_incoming_test	rsvpmaker_postmark_incoming_test
postmark_resolve_email	rsvpmaker_postmark_resolve_email
postmark_site_id	rsvpmaker_postmark_site_id
postmark_tag_to_title	rsvpmaker_postmark_tag_to_title
previewtest	rsvpmaker_previewtest
print_group_list_options	rsvpmaker_print_group_list_options
print_quick_date_entry	rsvpmaker_print_quick_date_entry
randomline	rsvpmaker_randomline
react_admin_script	rsvpmaker_react_admin_script
remove_save_content_filters	rsvpmaker_remove_save_content_filters
save_additional_editor	rsvpmaker_save_additional_editor
shouldSkip	rsvpmaker_shouldSkip
signed_up_ajax	rsvpmaker_signed_up_ajax
sked_to_text	rsvpmaker_sked_to_text
strftime_format_to_date_format	rsvpmaker_strftime_format_to_date_format
stripe_balance_history	rsvpmaker_stripe_balance_history
stripe_balance_history_cron	rsvpmaker_stripe_balance_history_cron
stripe_form_wrapper	rsvpmaker_stripe_form_wrapper
stripe_latest_logged	rsvpmaker_stripe_latest_logged
stripe_log_by_email	rsvpmaker_stripe_log_by_email
template_schedule	rsvpmaker_template_schedule
theme_features_test	rsvpmaker_theme_features_test
timezone_change_check	rsvpmaker_timezone_change_check
unsubscribed_list	rsvpmaker_unsubscribed_list
update_post_meta_unfiltered	rsvpmaker_update_post_meta_unfiltered
widgetlink	rsvpmaker_widgetlink
wxr_authors_list	rsvpmaker_wxr_authors_list
wxr_category_description	rsvpmaker_wxr_category_description
wxr_cat_name	rsvpmaker_wxr_cat_name
wxr_cdata	rsvpmaker_wxr_cdata
wxr_filter_postmeta	rsvpmaker_wxr_filter_postmeta
wxr_nav_menu_terms	rsvpmaker_wxr_nav_menu_terms
wxr_post_taxonomy	rsvpmaker_wxr_post_taxonomy
wxr_site_url	rsvpmaker_wxr_site_url
wxr_tag_description	rsvpmaker_wxr_tag_description
wxr_tag_name	rsvpmaker_wxr_tag_name
wxr_term_description	rsvpmaker_wxr_term_description
wxr_term_meta	rsvpmaker_wxr_term_meta
wxr_term_name	rsvpmaker_wxr_term_name
ylchat	rsvpmaker_ylchat
YouTubeEmailFormat	rsvpmaker_YouTubeEmailFormat
